MAP_ID,ID,PDF,NORMAL,HIGHLIGHTED,VIDEO
3ncutsTuk_gqpTBpnfnNU,1001,https://drive.google.com/file/d/1vG_m6rbXcIyUgH3OyOYfR7IjhZU5QjT3/preview,./images/normal/v-vis-posters-1011_displaySized.png,./images/highlighted/v-vis-posters-1011_displaySized_highlighted.png,
3ncutsTuk_gqpTBpnfnNU,1002,https://drive.google.com/file/d/1U4p4N16LQX0yO3tDEiTT9SatZL5wY4Lk/preview,./images/normal/W-vis4good-posters-4913_displaySized.png,./images/highlighted/W-vis4good-posters-4913_displaySized_highlighted.png,
3ncutsTuk_gqpTBpnfnNU,1003,https://drive.google.com/file/d/1uft5FIIkIWp4cFOkwDI7tIpdJNxjm3It/preview,./images/normal/v-vis-posters-1061_displaySized.png,./images/highlighted/v-vis-posters-1061_displaySized_highlighted.png,
3ncutsTuk_gqpTBpnfnNU,1004,https://drive.google.com/file/d/144OIyeCfGjlg8JyxjZJLOoGKY2fuGVrZ/preview,./images/normal/a-biovischallenge-posters-1008_displaySized.png,./images/highlighted/a-biovischallenge-posters-1008_displaySized_highlighted.png,
3ncutsTuk_gqpTBpnfnNU,1005,https://drive.google.com/file/d/14kbil6bWLbNcPTQMxiCBGzhwN9jb6Jdh/preview,./images/normal/v-vis-posters-1045_displaySized.png,./images/highlighted/v-vis-posters-1045_displaySized_highlighted.png,
3ncutsTuk_gqpTBpnfnNU,1006,https://drive.google.com/file/d/1ZSsh1hCRi3djrkwSuXr-Q9VYF3bBCihT/preview,./images/normal/a-biovischallenge-posters-1006_displaySized.png,./images/highlighted/a-biovischallenge-posters-1006_displaySized_highlighted.png,
3ncutsTuk_gqpTBpnfnNU,1007,https://drive.google.com/file/d/12bXqv77-nNR35pRDTWaO7l-AlC47mjRV/preview,./images/normal/a-ldav-posters-1015_displaySized.png,./images/highlighted/a-ldav-posters-1015_displaySized_highlighted.png,
3ncutsTuk_gqpTBpnfnNU,1008,https://drive.google.com/file/d/14ssJnoBn27WL3aYl_8hsGi7Ns8Y_iGI8/preview,./images/normal/v-vis-posters-1023_displaySized.png,./images/highlighted/v-vis-posters-1023_displaySized_highlighted.png,
3ncutsTuk_gqpTBpnfnNU,1009,https://drive.google.com/file/d/14yfvRXPT0RZjtXlgJDDRe48_0ijEJvpj/preview,./images/normal/v-vis-posters-1025_displaySized.png,./images/highlighted/v-vis-posters-1025_displaySized_highlighted.png,
3ncutsTuk_gqpTBpnfnNU,1010,https://drive.google.com/file/d/15D40xW2lGqlmXMUgIL2w0v3-upx3F-38/preview,./images/normal/a-vizsec-posters-6165_displaySized.png,./images/highlighted/a-vizsec-posters-6165_displaySized_highlighted.png,
3ncutsTuk_gqpTBpnfnNU,1011,https://drive.google.com/file/d/17G5g6pdlCQfRAS1iVmP5_19t66t08WoN/preview,./images/normal/a-sciviscontest-posters-1009_displaySized.png,./images/highlighted/a-sciviscontest-posters-1009_displaySized_highlighted.png,
3ncutsTuk_gqpTBpnfnNU,1012,https://drive.google.com/file/d/19ScLF71uP34a4TwTXf7yA2g4_o2XEPzj/preview,./images/normal/v-vis-posters-1006_displaySized.png,./images/highlighted/v-vis-posters-1006_displaySized_highlighted.png,
3ncutsTuk_gqpTBpnfnNU,1013,https://drive.google.com/file/d/19p86ZJi3o0i74neCx0IfzvKmLAw3YbOW/preview,./images/normal/v-vis-posters-1030_displaySized.png,./images/highlighted/v-vis-posters-1030_displaySized_highlighted.png,
3ncutsTuk_gqpTBpnfnNU,1014,https://drive.google.com/file/d/1Cne2tTQc3IF0zdLn2ce3a2NdBXX0gEQu/preview,./images/normal/v-vis-posters-1022_displaySized.png,./images/highlighted/v-vis-posters-1022_displaySized_highlighted.png,
3ncutsTuk_gqpTBpnfnNU,1015,https://drive.google.com/file/d/1CrPTmdJ5dQt8chRvYqQ81WEcv-O0IiWU/preview,./images/normal/a-vizsec-posters-2288_displaySized.png,./images/highlighted/a-vizsec-posters-2288_displaySized_highlighted.png,
3ncutsTuk_gqpTBpnfnNU,1016,https://drive.google.com/file/d/1EV4LCf6Bcx-8yd-OdKKMTcH_1OZc_JL4/preview,./images/normal/a-ldav-posters-1013_displaySized.png,./images/highlighted/a-ldav-posters-1013_displaySized_highlighted.png,
3ncutsTuk_gqpTBpnfnNU,1017,https://drive.google.com/file/d/1HzPiKz64xzCCiSsPr5TTAjMF2zPwwXkx/preview,./images/normal/a-ldav-posters-1003_displaySized.png,./images/highlighted/a-ldav-posters-1003_displaySized_highlighted.png,
3ncutsTuk_gqpTBpnfnNU,1018,https://drive.google.com/file/d/1KIgl9KwXuyDWYw-RoPcL6m9WPdtFXthn/preview,./images/normal/v-vis-posters-1033_displaySized.png,./images/highlighted/v-vis-posters-1033_displaySized_highlighted.png,
3ncutsTuk_gqpTBpnfnNU,1019,https://drive.google.com/file/d/1LNK0QSTyGxJplcahXx_jstkIJVEohZXM/preview,./images/normal/v-vis-posters-1019_displaySized.png,./images/highlighted/v-vis-posters-1019_displaySized_highlighted.png,
3ncutsTuk_gqpTBpnfnNU,1020,https://drive.google.com/file/d/1M1Bmm5VPVfi4XxV1QYFaFhLoW4IPw_i0/preview,./images/normal/a-vastchallenge-posters-1012_displaySized.png,./images/highlighted/a-vastchallenge-posters-1012_displaySized_highlighted.png,
3ncutsTuk_gqpTBpnfnNU,1021,https://drive.google.com/file/d/1MSYupAJOSSzpHY3o47nwSI6JlvJirIXV/preview,./images/normal/v-vis-posters-1040_displaySized.png,./images/highlighted/v-vis-posters-1040_displaySized_highlighted.png,
3ncutsTuk_gqpTBpnfnNU,1022,https://drive.google.com/file/d/1MwZNUC7toFEW6kNUtIsAzgrLwJQghfPZ/preview,./images/normal/a-ldav-posters-1010_displaySized.png,./images/highlighted/a-ldav-posters-1010_displaySized_highlighted.png,
3ncutsTuk_gqpTBpnfnNU,1023,https://drive.google.com/file/d/1PDQU6uReLnOLgiiDjO0JNuLlGlOZpW98/preview,./images/normal/v-vis-posters-1016_displaySized.png,./images/highlighted/v-vis-posters-1016_displaySized_highlighted.png,
3ncutsTuk_gqpTBpnfnNU,1024,https://drive.google.com/file/d/1PW_TEqS8K4kGn0-4zgxXvShqL6XXx9FL/preview,./images/normal/v-vis-posters-1012_displaySized.png,./images/highlighted/a-vastchallenge-posters-1012_displaySized_highlighted.png,
3ncutsTuk_gqpTBpnfnNU,1025,https://drive.google.com/file/d/1QHdsRaT8XYES_sLdmFBXftaqFP1THih3/preview,./images/normal/a-vizsec-posters-4913_displaySized.png,./images/highlighted/a-vizsec-posters-4913_displaySized_highlighted.png,
3ncutsTuk_gqpTBpnfnNU,1026,https://drive.google.com/file/d/1R6Ya0I75pL6vqZcEPKwoICMZH7LhpuxO/preview,./images/normal/v-vis-posters-1042_displaySized.png,./images/highlighted/v-vis-posters-1042_displaySized_highlighted.png,
3ncutsTuk_gqpTBpnfnNU,1027,https://drive.google.com/file/d/1S5eYCYZf7PvKgPlr8aO4xlYUDRrvcGRN/preview,./images/normal/v-vis-posters-1035_displaySized.png,./images/highlighted/v-vis-posters-1035_displaySized_highlighted.png,
3ncutsTuk_gqpTBpnfnNU,1028,https://drive.google.com/file/d/1TSwW53icSPK4fFygsRIciHI6F42O592y/preview,./images/normal/v-vis-posters-1037_displaySized.png,./images/highlighted/v-vis-posters-1037_displaySized_highlighted.png,
3ncutsTuk_gqpTBpnfnNU,1029,https://drive.google.com/file/d/1WEzC7feK5c3vtnO3hZS5qYPScgsBd3x7/preview,./images/normal/v-vis-posters-1044_displaySized.png,./images/highlighted/v-vis-posters-1044_displaySized_highlighted.png,
3ncutsTuk_gqpTBpnfnNU,1030,https://drive.google.com/file/d/1XgCTVRhIbsfUo-Dnhho-3Q1pd__xmrba/preview,./images/normal/v-vis-posters-1018_displaySized.png,./images/highlighted/v-vis-posters-1018_displaySized_highlighted.png,
3ncutsTuk_gqpTBpnfnNU,1031,https://drive.google.com/file/d/1Y2RBuiX65tWK2Z87tumdyxy-7qlqP1dK/preview,./images/normal/v-vis-posters-1038_displaySized.png,./images/highlighted/v-vis-posters-1038_displaySized_highlighted.png,
3ncutsTuk_gqpTBpnfnNU,1032,https://drive.google.com/file/d/1ZC-Rjc9uz_IrtDk48gHTMaT-z1jXIgxi/preview,./images/normal/v-vis-posters-1027_displaySized.png,./images/highlighted/v-vis-posters-1027_displaySized_highlighted.png,
3ncutsTuk_gqpTBpnfnNU,1033,https://drive.google.com/file/d/1Zdb9dm-5fBhoTmFHM5IEb9NfGW1HpyMP/preview,./images/normal/a-vastchallenge-posters-1033_displaySized.png,./images/highlighted/a-vastchallenge-posters-1033_displaySized_highlighted.png,
P8SoT7RLyMbOnmhco7LfN,1001,https://drive.google.com/file/d/1_q4q5C07iYK8LnPNnAvXLI0JCi9J3wjz/preview,./images/normal/a-vastchallenge-posters-1024_displaySized.png,./images/highlighted/a-vastchallenge-posters-1024_displaySized_highlighted.png,
P8SoT7RLyMbOnmhco7LfN,1002,https://drive.google.com/file/d/1aLr29nBvkafZnKFnsY1m_WsxOQBho8q6/preview,./images/normal/v-vis-posters-1047_displaySized.png,./images/highlighted/v-vis-posters-1047_displaySized_highlighted.png,
P8SoT7RLyMbOnmhco7LfN,1003,https://drive.google.com/file/d/1aq52hY8-zspd7qZrcue5zN0aEwtMV713/preview,./images/normal/v-vis-posters-1059_displaySized.png,./images/highlighted/v-vis-posters-1059_displaySized_highlighted.png,
P8SoT7RLyMbOnmhco7LfN,1004,https://drive.google.com/file/d/1dd-ce5GewQvTTQIkmAokNS1nFpzdYV5M/preview,./images/normal/v-vis-posters-1032_displaySized.png,./images/highlighted/v-vis-posters-1032_displaySized_highlighted.png,
P8SoT7RLyMbOnmhco7LfN,1005,https://drive.google.com/file/d/1fZwo23wwdLEbo7ZTHiAafCGPovhXrl1B/preview,./images/normal/a-ldav-posters-1009_displaySized.png,./images/highlighted/a-ldav-posters-1009_displaySized_highlighted.png,
P8SoT7RLyMbOnmhco7LfN,1006,https://drive.google.com/file/d/1g8FXW89eyda-F-fDbdmlby0rruRSB6cu/preview,./images/normal/a-sciviscontest-posters-1017_displaySized.png,./images/highlighted/a-sciviscontest-posters-1017_displaySized_highlighted.png,
P8SoT7RLyMbOnmhco7LfN,1007,https://drive.google.com/file/d/1l-c5u7l0_sgq2abTp_uE-GUyqzGEI9r-/preview,./images/normal/v-vis-posters-1028_displaySized.png,./images/highlighted/v-vis-posters-1028_displaySized_highlighted.png,
P8SoT7RLyMbOnmhco7LfN,1008,https://drive.google.com/file/d/1mNyus_s-9qb0q4lBaU75tHX276HO69LV/preview,./images/normal/a-vizsec-posters-4914_displaySized.png,./images/highlighted/a-vizsec-posters-4914_displaySized_highlighted.png,
P8SoT7RLyMbOnmhco7LfN,1009,https://drive.google.com/file/d/1mwTFP-pSyamDpXPJAgNTew6vLN_p5zzJ/preview,./images/normal/v-vis-posters-1043_displaySized.png,./images/highlighted/v-vis-posters-1043_displaySized_highlighted.png,
P8SoT7RLyMbOnmhco7LfN,1010,https://drive.google.com/file/d/1rBRl2OwRZLqXiF9ADHo1Scypk6C9xbYl/preview,./images/normal/v-vis-posters-1020_displaySized.png,./images/highlighted/v-vis-posters-1020_displaySized_highlighted.png,
P8SoT7RLyMbOnmhco7LfN,1011,https://drive.google.com/file/d/1rLZGziJgPhbFPUzq_cPGU5vpVGT50-qn/preview,./images/normal/a-biovischallenge-posters-1004_displaySized.png,./images/highlighted/a-biovischallenge-posters-1004_displaySized_highlighted.png,
P8SoT7RLyMbOnmhco7LfN,1012,https://drive.google.com/file/d/1s-oW2sWVA4ovDWu1r7ROngMbFymp9gQs/preview,./images/normal/v-vis-posters-1014_displaySized.png,./images/highlighted/v-vis-posters-1014_displaySized_highlighted.png,
P8SoT7RLyMbOnmhco7LfN,1013,https://drive.google.com/file/d/1ubY8xspIKGsKa42h4e6AFkPv0v2wyk7-/preview,./images/normal/a-ldav-posters-1001_displaySized.png,./images/highlighted/a-ldav-posters-1001_displaySized_highlighted.png,
P8SoT7RLyMbOnmhco7LfN,1014,https://drive.google.com/file/d/1vIyPjmBhCPdZ2wWhbNw0FWrbl6io9W-3/preview,./images/normal/v-vis-posters-1017_displaySized.png,./images/highlighted/v-vis-posters-1017_displaySized_highlighted.png,
P8SoT7RLyMbOnmhco7LfN,1015,https://drive.google.com/file/d/12KiQhIM2SvxszJSBRgSVrgRYWwT-cYyC/preview,./images/normal/v-vis-posters-1052_displaySized.png,./images/highlighted/v-vis-posters-1052_displaySized_highlighted.png,
P8SoT7RLyMbOnmhco7LfN,1016,https://drive.google.com/file/d/13y9QNK8yb19lrTwycQ4Xu-0l5gBBtEPB/preview,./images/normal/v-vis-posters-1046_displaySized.png,./images/highlighted/v-vis-posters-1046_displaySized_highlighted.png,
P8SoT7RLyMbOnmhco7LfN,1017,https://drive.google.com/file/d/16FIKOvL3BWyxAWU6puGrELG63ahPfon4/preview,./images/normal/v-vis-posters-1039_displaySized.png,./images/highlighted/v-vis-posters-1039_displaySized_highlighted.png,
P8SoT7RLyMbOnmhco7LfN,1018,https://drive.google.com/file/d/19GQshyilu1TWeLG0bz4pOnMLHT1S4mez/preview,./images/normal/v-vis-posters-1031_displaySized.png,./images/highlighted/v-vis-posters-1031_displaySized_highlighted.png,
P8SoT7RLyMbOnmhco7LfN,1019,https://drive.google.com/file/d/1DSppFJdvtDUMmnynLrA5K_j4qnjxeqKJ/preview,./images/normal/v-vis-posters-1050_displaySized.png,./images/highlighted/v-vis-posters-1050_displaySized_highlighted.png,
P8SoT7RLyMbOnmhco7LfN,1020,https://drive.google.com/file/d/1DSrFTell-hPNMeq-Z69z6_reypaNh6bg/preview,./images/normal/v-vis-posters-1055_displaySized.png,./images/highlighted/v-vis-posters-1055_displaySized_highlighted.png,
P8SoT7RLyMbOnmhco7LfN,1021,https://drive.google.com/file/d/1I7l6vgRtKIPXmO6RkDlW9RBHOkPURxF9/preview,./images/normal/v-vis-posters-1062_displaySized.png,./images/highlighted/v-vis-posters-1062_displaySized_highlighted.png,
P8SoT7RLyMbOnmhco7LfN,1022,https://drive.google.com/file/d/1IlROPpUFijIdGNjh0ALWjM9k8z3Cbfzo/preview,./images/normal/v-vis-posters-1034_displaySized.png,./images/highlighted/v-vis-posters-1034_displaySized_highlighted.png,
P8SoT7RLyMbOnmhco7LfN,1023,https://drive.google.com/file/d/1ORP2q2V5rIkjRkhov4NvkS48ZgCTl6Dm/preview,./images/normal/v-vis-posters-1063_displaySized.png,./images/highlighted/v-vis-posters-1063_displaySized_highlighted.png,
P8SoT7RLyMbOnmhco7LfN,1024,https://drive.google.com/file/d/1PMcTNm4PqOo_hWUP7KbCkR32wQVg-aho/preview,./images/normal/v-vis-posters-1024_displaySized.png,./images/highlighted/v-vis-posters-1024_displaySized_highlighted.png,
P8SoT7RLyMbOnmhco7LfN,1025,https://drive.google.com/file/d/1QK6BoH0e5BYiBzYzCQXpz0cir0xcAkoI/preview,./images/normal/v-vis-posters-1051_displaySized.png,./images/highlighted/v-vis-posters-1051_displaySized_highlighted.png,
P8SoT7RLyMbOnmhco7LfN,1026,https://drive.google.com/file/d/1TMiAk3e0uoqowaHKSqoNGoxGlM_gId9g/preview,./images/normal/a-biovischallenge-posters-1005_displaySized.png,./images/highlighted/a-biovischallenge-posters-1005_displaySized_highlighted.png,
P8SoT7RLyMbOnmhco7LfN,1027,https://drive.google.com/file/d/1Vv4hsQh9u6w5hiAwDr7TvpbMFnxzago3/preview,./images/normal/v-vis-posters-1053_displaySized.png,./images/highlighted/v-vis-posters-1053_displaySized_highlighted.png,
P8SoT7RLyMbOnmhco7LfN,1028,https://drive.google.com/file/d/1Xaqqhph1kdPTuqL0uBdcw3wFYHtXx57b/preview,./images/normal/v-vis-posters-1029_displaySized.png,./images/highlighted/v-vis-posters-1029_displaySized_highlighted.png,
P8SoT7RLyMbOnmhco7LfN,1029,https://drive.google.com/file/d/1e7I3L_m4ipOBKBPRlgXbUNkKA_VWbLkr/preview,./images/normal/v-vis-posters-1056_displaySized.png,./images/highlighted/v-vis-posters-1056_displaySized_highlighted.png,
P8SoT7RLyMbOnmhco7LfN,1030,https://drive.google.com/file/d/1oJekxAyNtbubDCfgWZd2t_UoQc4JiaCp/preview,./images/normal/v-vis-posters-1021_displaySized.png,./images/highlighted/v-vis-posters-1021_displaySized_highlighted.png,
P8SoT7RLyMbOnmhco7LfN,1031,https://drive.google.com/file/d/1tsbOuY6NAGudqWN3gaWluXYRfyEHbgGF/preview,./images/normal/v-vis-posters-1058_displaySized.png,./images/highlighted/v-vis-posters-1058_displaySized_highlighted.png,
P8SoT7RLyMbOnmhco7LfN,1032,https://drive.google.com/file/d/1ZsuJDqcs7q8bgDyMqN4dj8ObtPwkeoQp/preview,./images/normal/v-vis-posters-1015_displaySized.png,./images/highlighted/v-vis-posters-1015_displaySized_highlposters-33-2